Workbook

Sheet data
A1: ranking | B1: name | C1: tag | D1: tier | E1: LP | F1: most1 | G1: most2 | H1: most3 | I1: level | J1: win | K1: lose | L1: win_rate | M1: role | N1: type | P1: 개수 : 역할군 | Q1: 열 레이블 | AJ1: `
A2: 1 | B2: moment | C2: #0619 | D2: Challenger | E2: 2041 | F2: 비에고 | G2: 암베사 | H2: 제이스 | I2: 90 | J2: 405 | K2: 252 | L2: 62% | M2: =VLOOKUP(F2, roles!$A:$B,2,FALSE) -> 전사 | N2: 중립적 | P2: 행 레이블 | Q2: 공격적 | R2: 귀여운 | S2: 선정적 | T2: 성의없는 | U2: 암울한 | V2: 유머러스 | W2: 중립적 | X2: 캐릭터 | Y2: 프로팀 | Z2: (비어 있음) | AA2: 총합계
A3: 2 | B3: DK Sharvel | C3: #KR1 | D3: Challenger | E3: 2040 | F3: 바이 | G3: 키아나 | H3: 판테온 | I3: 965 | J3: 729 | K3: 584 | L3: 56% | M3: =VLOOKUP(F3, roles!$A:$B,2,FALSE) -> 전사 | N3: 프로팀 | P3: 마법사 | Q3: 0.03910918 | R3: 0.073329712 | S3: 0.0086909288 | T3: 0.059206953 | U3: 0.035850081 | V3: 0.13199348 | W3: 0.59804454 | X3: 0.034220532 | Y3: 0.01955459 | Z3: 0 | AA3: 1
A4: 3 | B4: T1 Guardian | C4: #KR3 | D4: Challenger | E4: 1967 | F4: 암베사 | G4: 크산테 | H4: 럼블 | I4: 496 | J4: 898 | K4: 763 | L4: 54% | M4: =VLOOKUP(F4, roles!$A:$B,2,FALSE) -> 전사 | N4: 프로팀 | P4: 서포터 | Q4: 0.054347826 | R4: 0.125 | S4: 0.0027173913 | T4: 0.035326087 | U4: 0.032608696 | V4: 0.13858696 | W4: 0.57336957 | X4: 0.032608696 | Y4: 0.0054347826 | Z4: 0 | AA4: 1
A5: 4 | B5: Phantasm | C5: #RANK1 | D5: Challenger | E5: 1950 | F5: 아크샨 | G5: 퀸 | H5: 흐웨이 | I5: 74 | J5: 304 | K5: 170 | L5: 64% | M5: =VLOOKUP(F5, roles!$A:$B,2,FALSE) -> 원거리 딜러 | N5: 중립적 | P5: 암살자 | Q5: 0.045634921 | R5: 0.069444444 | S5: 0.015873016 | T5: 0.05952381 | U5: 0.020833333 | V5: 0.12003968 | W5: 0.62797619 | X5: 0.032738095 | Y5: 0.0079365079 | Z5: 0 | AA5: 1
A6: 5 | B6: Effort | C6: #4444 | D6: Challenger | E6: 1936 | F6: 노틸러스 | G6: 브라움 | H6: 알리스타 | I6: 683 | J6: 412 | K6: 318 | L6: 56% | M6: =VLOOKUP(F6, roles!$A:$B,2,FALSE) -> 탱커 | N6: 중립적 | P6: 원거리 딜러 | Q6: 0.036031332 | R6: 0.072062663 | S6: 0.007310705 | T6: 0.05535248 | U6: 0.041253264 | V6: 0.11853786 | W6: 0.62245431 | X6: 0.02924282 | Y6: 0.017754569 | Z6: 0 | AA6: 1
A7: 6 | B7: LNG BuLLDoG | C7: #KR2 | D7: Challenger | E7: 1879 | F7: 아지르 | G7: 갈리오 | H7: 유나라 | I7: 765 | J7: 703 | K7: 559 | L7: 56% | M7: =VLOOKUP(F7, roles!$A:$B,2,FALSE) -> 마법사 | N7: 프로팀 | P7: 전사 | Q7: 0.03792715 | R7: 0.058956065 | S7: 0.010889974 | T7: 0.058205032 | U7: 0.039429215 | V7: 0.11866316 | W7: 0.62786331 | X7: 0.031918888 | Y7: 0.015771686 | Z7: 0.00037551633 | AA7: 1
A8: 7 | B8: 노익스강 | C8: #noex | D8: Challenger | E8: 1855 | F8: 자야 | G8: 이즈리얼 | H8: 시비르 | I8: 940 | J8: 679 | K8: 564 | L8: 55% | M8: =VLOOKUP(F8, roles!$A:$B,2,FALSE) -> 원거리 딜러 | N8: 중립적 | P8: 탱커 | Q8: 0.036211699 | R8: 0.075208914 | S8: 0.011142061 | T8: 0.058495822 | U8: 0.033426184 | V8: 0.11699164 | W8: 0.61652739 | X8: 0.038068709 | Y8: 0.013927577 | Z8: 0 | AA8: 1
A9: 8 | B9: DK Smash | C9: #KR7 | D9: Challenger | E9: 1837 | F9: 이즈리얼 | G9: 바루스 | H9: 카이사 | I9: 542 | J9: 449 | K9: 343 | L9: 57% | M9: =VLOOKUP(F9, roles!$A:$B,2,FALSE) -> 원거리 딜러 | N9: 프로팀 | P9: #N/A | Q9: 0.02 | R9: 0.14 | S9: 0 | T9: 0.12 | U9: 0.04 | V9: 0.16 | W9: 0.42 | X9: 0.1 | Y9: 0 | Z9: 0 | AA9: 1
A10: 9 | B10: 우 맨 | C10: #who | D10: Challenger | E10: 1794 | F10: 사일러스 | G10: 제이스 | H10: 아칼리 | I10: 493 | J10: 490 | K10: 382 | L10: 56% | M10: =VLOOKUP(F10, roles!$A:$B,2,FALSE) -> 마법사 | N10: 중립적 | P10: 총합계 | Q10: 0.039004707 | R10: 0.0710603 | S10: 0.0098632594 | T10: 0.057386236 | U10: 0.03597848 | V10: 0.12239408 | W10: 0.61578121 | X10: 0.033064335 | Y10: 0.015355302 | Z10: 0.00011208249 | AA10: 1
A11: 10 | B11: SeTab | C11: #123 | D11: Challenger | E11: 1779 | F11: 오로라 | G11: 라이즈 | H11: 오리아나 | I11: 698 | J11: 675 | K11: 577 | L11: 54% | M11: =VLOOKUP(F11, roles!$A:$B,2,FALSE) -> 마법사 | N11: 중립적
A12: 11 | B12: YdBB | C12: #0107 | D12: Challenger | E12: 1776 | F12: 뽀삐 | G12: 바드 | H12: 알리스타 | I12: 692 | J12: 540 | K12: 444 | L12: 55% | M12: =VLOOKUP(F12, roles!$A:$B,2,FALSE) -> 탱커 | N12: 중립적 | AB12: 1.79082
A13: 12 | B13: 젠레스존제로우 | C13: #KR1 | D13: Challenger | E13: 1734 | F13: 바루스 | G13: 이즈리얼 | H13: 유나라 | I13: 562 | J13: 942 | K13: 839 | L13: 53% | M13: =VLOOKUP(F13, roles!$A:$B,2,FALSE) -> 원거리 딜러 | N13: 중립적
A14: 13 | B14: daoxinwengu1 | C14: #KR1 | D14: Challenger | E14: 1725 | F14: 진 | G14: 이즈리얼 | H14: 카이사 | I14: 496 | J14: 746 | K14: 619 | L14: 55% | M14: =VLOOKUP(F14, roles!$A:$B,2,FALSE) -> 원거리 딜러 | N14: 중립적
A15: 14 | B15: Vincenzo | C15: #kr40 | D15: Challenger | E15: 1720 | F15: 리 신 | G15: 판테온 | H15: 신 짜오 | I15: 723 | J15: 676 | K15: 581 | L15: 54% | M15: =VLOOKUP(F15, roles!$A:$B,2,FALSE) -> 전사 | N15: 중립적 | P15: 행 레이블 | Q15: 공격적 | R15: 귀여운 | S15: 선정적 | T15: 성의없는 | U15: 암울한 | V15: 유머러스 | W15: 중립적 | X15: 캐릭터 | Y15: 프로팀 | Z15: (비어 있음) | AA15: 총합계 | AB15: 공격적 | AC15: 귀여운 | AD15: 선정적 | AE15: 성의없는 | AF15: 암울한 | AG15: 유머러스 | AH15: 중립적 | AI15: 캐릭터 | AJ15: 프로팀 | AK15: 총합
A16: 15 | B16: DNF Berserker | C16: #6666 | D16: Challenger | E16: 1709 | F16: 이즈리얼 | G16: 유나라 | H16: 코르키 | I16: 592 | J16: 608 | K16: 508 | L16: 54% | M16: =VLOOKUP(F16, roles!$A:$B,2,FALSE) -> 원거리 딜러 | N16: 중립적 | P16: 마법사 | Q16: 72 | R16: 135 | S16: 16 | T16: 109 | U16: 66 | V16: 243 | W16: 1101 | X16: 63 | Y16: 36 | AA16: 1841 | AB16: =Q16/$AA16 -> 0.03910918 | AC16: =R16/$AA16 -> 0.073329712 | AD16: =S16/$AA16 -> 0.0086909288 | AE16: =T16/$AA16 -> 0.059206953 | AF16: =U16/$AA16 -> 0.035850081 | AG16: =V16/$AA16 -> 0.13199348 | AH16: =W16/$AA16 -> 0.59804454 | AI16: =X16/$AA16 -> 0.034220532 | AJ16: =Y16/$AA16 -> 0.01955459 | AK16: =SUM(AB16:AJ16) -> 1
A17: 16 | B17: DK ShowMaker | C17: #KR1 | D17: Challenger | E17: 1701 | F17: 르블랑 | G17: 탈리야 | H17: 사일러스 | I17: 604 | J17: 491 | K17: 375 | L17: 57% | M17: =VLOOKUP(F17, roles!$A:$B,2,FALSE) -> 암살자 | N17: 프로팀 | P17: 서포터 | Q17: 20 | R17: 46 | S17: 1 | T17: 13 | U17: 12 | V17: 51 | W17: 211 | X17: 12 | Y17: 2 | AA17: 368 | AB17: =Q17/$AA17 -> 0.054347826 | AC17: =R17/$AA17 -> 0.125 | AD17: =S17/$AA17 -> 0.0027173913 | AE17: =T17/$AA17 -> 0.035326087 | AF17: =U17/$AA17 -> 0.032608696 | AG17: =V17/$AA17 -> 0.13858696 | AH17: =W17/$AA17 -> 0.57336957 | AI17: =X17/$AA17 -> 0.032608696 | AJ17: =Y17/$AA17 -> 0.0054347826 | AK17: =SUM(AB17:AJ17) -> 1
A18: 17 | B18: T1 구름 | C18: #2007 | D18: Challenger | E18: 1696 | F18: 알리스타 | G18: 뽀삐 | H18: 라칸 | I18: 601 | J18: 691 | K18: 585 | L18: 54% | M18: =VLOOKUP(F18, roles!$A:$B,2,FALSE) -> 탱커 | N18: 프로팀 | P18: 암살자 | Q18: 46 | R18: 70 | S18: 16 | T18: 60 | U18: 21 | V18: 121 | W18: 633 | X18: 33 | Y18: 8 | AA18: 1008 | AB18: =Q18/$AA18 -> 0.045634921 | AC18: =R18/$AA18 -> 0.069444444 | AD18: =S18/$AA18 -> 0.015873016 | AE18: =T18/$AA18 -> 0.05952381 | AF18: =U18/$AA18 -> 0.020833333 | AG18: =V18/$AA18 -> 0.12003968 | AH18: =W18/$AA18 -> 0.62797619 | AI18: =X18/$AA18 -> 0.032738095 | AJ18: =Y18/$AA18 -> 0.0079365079 | AK18: =SUM(AB18:AJ18) -> 1
A19: 18 | B19: Aileri | C19: #KR1 | D19: Challenger | E19: 1677 | F19: 이렐리아 | G19: 아칼리 | H19: 라칸 | I19: 401 | J19: 314 | K19: 230 | L19: 58% | M19: =VLOOKUP(F19, roles!$A:$B,2,FALSE) -> 전사 | N19: 중립적 | P19: 원거리 딜러 | Q19: 69 | R19: 138 | S19: 14 | T19: 106 | U19: 79 | V19: 227 | W19: 1192 | X19: 56 | Y19: 34 | AA19: 1915 | AB19: =Q19/$AA19 -> 0.036031332 | AC19: =R19/$AA19 -> 0.072062663 | AD19: =S19/$AA19 -> 0.007310705 | AE19: =T19/$AA19 -> 0.05535248 | AF19: =U19/$AA19 -> 0.041253264 | AG19: =V19/$AA19 -> 0.11853786 | AH19: =W19/$AA19 -> 0.62245431 | AI19: =X19/$AA19 -> 0.02924282 | AJ19: =Y19/$AA19 -> 0.017754569 | AK19: =SUM(AB19:AJ19) -> 1
A20: 19 | B20: 베베핑크 | C20: #KR1 | D20: Challenger | E20: 1672 | F20: 제이스 | G20: 신드라 | H20: 요네 | I20: 114 | J20: 387 | K20: 273 | L20: 59% | M20: =VLOOKUP(F20, roles!$A:$B,2,FALSE) -> 전사 | N20: 중립적 | P20: 전사 | Q20: 101 | R20: 157 | S20: 29 | T20: 155 | U20: 105 | V20: 316 | W20: 1672 | X20: 85 | Y20: 42 | Z20: 1 | AA20: 2663 | AB20: =Q20/$AA20 -> 0.03792715 | AC20: =R20/$AA20 -> 0.058956065 | AD20: =S20/$AA20 -> 0.010889974 | AE20: =T20/$AA20 -> 0.058205032 | AF20: =U20/$AA20 -> 0.039429215 | AG20: =V20/$AA20 -> 0.11866316 | AH20: =W20/$AA20 -> 0.62786331 | AI20: =X20/$AA20 -> 0.031918888 | AJ20: =Y20/$AA20 -> 0.015771686 | AK20: =SUM(AB20:AJ20) -> 0.99962448
A21: 20 | B21: DK Lucid | C21: #KR1 | D21: Challenger | E21: 1668 | F21: 카이사 | G21: 리 신 | H21: 루시안 | I21: 738 | J21: 581 | K21: 490 | L21: 54% | M21: =VLOOKUP(F21, roles!$A:$B,2,FALSE) -> 원거리 딜러 | N21: 프로팀 | P21: 탱커 | Q21: 39 | R21: 81 | S21: 12 | T21: 63 | U21: 36 | V21: 126 | W21: 664 | X21: 41 | Y21: 15 | AA21: 1077 | AB21: =Q21/$AA21 -> 0.036211699 | AC21: =R21/$AA21 -> 0.075208914 | AD21: =S21/$AA21 -> 0.011142061 | AE21: =T21/$AA21 -> 0.058495822 | AF21: =U21/$AA21 -> 0.033426184 | AG21: =V21/$AA21 -> 0.11699164 | AH21: =W21/$AA21 -> 0.61652739 | AI21: =X21/$AA21 -> 0.038068709 | AJ21: =Y21/$AA21 -> 0.013927577 | AK21: =SUM(AB21:AJ21) -> 1
A22: 21 | B22: 타상연화 | C22: #123 | D22: Challenger | E22: 1666 | F22: 탈리야 | G22: 오리아나 | H22: 아지르 | I22: 1224 | J22: 1162 | K22: 1055 | L22: 52% | M22: =VLOOKUP(F22, roles!$A:$B,2,FALSE) -> 마법사 | N22: 중립적 | P22: #N/A | Q22: 1 | R22: 7 | T22: 6 | U22: 2 | V22: 8 | W22: 21 | X22: 5 | AA22: 50
A23: 22 | B23: Katie sky | C23: #KR2 | D23: Challenger | E23: 1651 | F23: 미스 포츈 | G23: 루시안 | H23: 카이사 | I23: 689 | J23: 1075 | K23: 993 | L23: 52% | M23: =VLOOKUP(F23, roles!$A:$B,2,FALSE) -> 원거리 딜러 | N23: 중립적 | P23: 총합계 | Q23: 348 | R23: 634 | S23: 88 | T23: 512 | U23: 321 | V23: 1092 | W23: 5494 | X23: 295 | Y23: 137 | Z23: 1 | AA23: 8922
A24: 23 | B24: Sylvie | C24: #77777 | D24: Challenger | E24: 1624 | F24: 리 신 | G24: 제드 | H24: 신 짜오 | I24: 816 | J24: 751 | K24: 684 | L24: 52% | M24: =VLOOKUP(F24, roles!$A:$B,2,FALSE) -> 전사 | N24: 중립적 | P24: 마법사 | Q24: =Q16/Q$23 -> 0.20689655 | R24: =R16/R$23 -> 0.21293375 | S24: =S16/S$23 -> 0.18181818 | T24: =T16/T$23 -> 0.21289062 | U24: =U16/U$23 -> 0.20560748 | V24: =V16/V$23 -> 0.22252747 | W24: =W16/W$23 -> 0.20040044 | X24: =X16/X$23 -> 0.21355932 | Y24: =Y16/Y$23 -> 0.26277372
A25: 24 | B25: 기리보이혁갓 | C25: #아입니두 | D25: Challenger | E25: 1623 | F25: 잭스 | G25: 피오라 | H25: 이렐리아 | I25: 444 | J25: 781 | K25: 693 | L25: 53% | M25: =VLOOKUP(F25, roles!$A:$B,2,FALSE) -> 전사 | N25: 유머러스 | P25: 서포터 | Q25: =Q17/Q$23 -> 0.057471264 | R25: =R17/R$23 -> 0.072555205 | S25: =S17/S$23 -> 0.011363636 | T25: =T17/T$23 -> 0.025390625 | U25: =U17/U$23 -> 0.037383178 | V25: =V17/V$23 -> 0.046703297 | W25: =W17/W$23 -> 0.038405533 | X25: =X17/X$23 -> 0.040677966 | Y25: =Y17/Y$23 -> 0.01459854
A26: 25 | B26: 따봉 람머스 | C26: #KR1 | D26: Challenger | E26: 1614 | F26: 암베사 | G26: 그웬 | H26: 제이스 | I26: 879 | J26: 791 | K26: 693 | L26: 53% | M26: =VLOOKUP(F26, roles!$A:$B,2,FALSE) -> 전사 | N26: 중립적 | P26: 암살자 | Q26: =Q18/Q$23 -> 0.13218391 | R26: =R18/R$23 -> 0.11041009 | S26: =S18/S$23 -> 0.18181818 | T26: =T18/T$23 -> 0.1171875 | U26: =U18/U$23 -> 0.065420561 | V26: =V18/V$23 -> 0.11080586 | W26: =W18/W$23 -> 0.1152166 | X26: =X18/X$23 -> 0.11186441 | Y26: =Y18/Y$23 -> 0.058394161
A27: 26 | B27: DNF Quantum | C27: #KR 1 | D27: Challenger | E27: 1611 | F27: 노틸러스 | G27: 알리스타 | H27: 렐 | I27: 708 | J27: 919 | K27: 825 | L27: 53% | M27: =VLOOKUP(F27, roles!$A:$B,2,FALSE) -> 탱커 | N27: 중립적 | P27: 원거리 딜러 | Q27: =Q19/Q$23 -> 0.19827586 | R27: =R19/R$23 -> 0.21766562 | S27: =S19/S$23 -> 0.15909091 | T27: =T19/T$23 -> 0.20703125 | U27: =U19/U$23 -> 0.24610592 | V27: =V19/V$23 -> 0.20787546 | W27: =W19/W$23 -> 0.21696396 | X27: =X19/X$23 -> 0.18983051 | Y27: =Y19/Y$23 -> 0.24817518
A28: 27 | B28: DRX Willer | C28: #DRX | D28: Challenger | E28: 1602 | F28: 리 신 | G28: 판테온 | H28: 제이스 | I28: 341 | J28: 352 | K28: 261 | L28: 57% | M28: =VLOOKUP(F28, roles!$A:$B,2,FALSE) -> 전사 | N28: 프로팀 | P28: 전사 | Q28: =Q20/Q$23 -> 0.29022989 | R28: =R20/R$23 -> 0.24763407 | S28: =S20/S$23 -> 0.32954545 | T28: =T20/T$23 -> 0.30273438 | U28: =U20/U$23 -> 0.3271028 | V28: =V20/V$23 -> 0.28937729 | W28: =W20/W$23 -> 0.304332 | X28: =X20/X$23 -> 0.28813559 | Y28: =Y20/Y$23 -> 0.30656934
A29: 28 | B29: Frog | C29: #DRX | D29: Challenger | E29: 1599 | F29: 제이스 | G29: 암베사 | H29: 럼블 | I29: 475 | J29: 433 | K29: 351 | L29: 55% | M29: =VLOOKUP(F29, roles!$A:$B,2,FALSE) -> 전사 | N29: 중립적 | P29: 탱커 | Q29: =Q21/Q$23 -> 0.11206897 | R29: =R21/R$23 -> 0.12776025 | S29: =S21/S$23 -> 0.13636364 | T29: =T21/T$23 -> 0.12304688 | U29: =U21/U$23 -> 0.11214953 | V29: =V21/V$23 -> 0.11538462 | W29: =W21/W$23 -> 0.12085912 | X29: =X21/X$23 -> 0.13898305 | Y29: =Y21/Y$23 -> 0.10948905
A30: 29 | B30: FURIA Ayu | C30: #1103 | D30: Challenger | E30: 1595 | F30: 카이사 | G30: 니달리 | H30: 이즈리얼 | I30: 68 | J30: 272 | K30: 172 | L30: 61% | M30: =VLOOKUP(F30, roles!$A:$B,2,FALSE) -> 원거리 딜러 | N30: 중립적 | Q30: =SUM(Q24:Q29) -> 0.99712644 | R30: =SUM(R24:R29) -> 0.98895899 | S30: =SUM(S24:S29) -> 1 | T30: =SUM(T24:T29) -> 0.98828125 | U30: =SUM(U24:U29) -> 0.99376947 | V30: =SUM(V24:V29) -> 0.99267399 | W30: =SUM(W24:W29) -> 0.99617765 | X30: =SUM(X24:X29) -> 0.98305085 | Y30: =SUM(Y24:Y29) -> 1
A31: 30 | B31: 애딘데용 | C31: #느에엥 | D31: Challenger | E31: 1594 | F31: 신지드 | G31: 사이온 | H31: 암베사 | I31: 911 | J31: 928 | K31: 853 | L31: 52% | M31: =VLOOKUP(F31, roles!$A:$B,2,FALSE) -> 탱커 | N31: 중립적
A32: 31 | B32: 어쩌라고맞짱뜰까 | C32: #HOYA | D32: Challenger | E32: 1586 | F32: 제이스 | G32: 암베사 | H32: 럼블 | I32: 695 | J32: 587 | K32: 504 | L32: 54% | M32: =VLOOKUP(F32, roles!$A:$B,2,FALSE) -> 전사 | N32: 중립적
A33: 32 | B33: Shylie | C33: #KR1 | D33: Challenger | E33: 1585 | F33: 바이 | G33: 비에고 | H33: 리 신 | I33: 516 | J33: 579 | K33: 484 | L33: 54% | M33: =VLOOKUP(F33, roles!$A:$B,2,FALSE) -> 전사 | N33: 중립적
A34: 33 | B34: L0KEY | C34: #loki | D34: Challenger | E34: 1580 | F34: 아지르 | G34: 오리아나 | H34: 요네 | I34: 1035 | J34: 292 | K34: 206 | L34: 59% | M34: =VLOOKUP(F34, roles!$A:$B,2,FALSE) -> 마법사 | N34: 중립적
A35: 34 | B35: 자신감을잃지말자 | C35: #KR1 | D35: Challenger | E35: 1577 | F35: 암베사 | G35: 제이스 | H35: 크산테 | I35: 615 | J35: 714 | K35: 644 | L35: 53% | M35: =VLOOKUP(F35, roles!$A:$B,2,FALSE) -> 전사 | N35: 중립적
A36: 35 | B36: Aimyon | C36: #0409 | D36: Challenger | E36: 1569 | F36: 오리아나 | G36: 빅토르 | H36: 요네 | I36: 917 | J36: 599 | K36: 535 | L36: 53% | M36: =VLOOKUP(F36, roles!$A:$B,2,FALSE) -> 마법사 | N36: 중립적
A37: 36 | B37: DK Career | C37: #KR7 | D37: Challenger | E37: 1567 | F37: 뽀삐 | G37: 파이크 | H37: 바드 | I37: 391 | J37: 810 | K37: 717 | L37: 53% | M37: =VLOOKUP(F37, roles!$A:$B,2,FALSE) -> 탱커 | N37: 프로팀
A38: 37 | B38: TheHank | C38: #Xhh | D38: Challenger | E38: 1548 | F38: 렐 | G38: 노틸러스 | H38: 뽀삐 | I38: 123 | J38: 404 | K38: 314 | L38: 56% | M38: =VLOOKUP(F38, roles!$A:$B,2,FALSE) -> 탱커 | N38: 중립적
A39: 38 | B39: 라쿤99 | C39: #KR1 | D39: Challenger | E39: 1546 | F39: 자이라 | G39: 직스 | H39: 킨드레드 | I39: 742 | J39: 579 | K39: 506 | L39: 53% | M39: =VLOOKUP(F39, roles!$A:$B,2,FALSE) -> 마법사 | N39: 중립적
A40: 39 | B40: NASA | C40: #쟁 구 | D40: Challenger | E40: 1541 | F40: 트리스타나 | G40: 미스 포츈 | H40: 코르키 | I40: 166 | J40: 307 | K40: 234 | L40: 57% | M40: =VLOOKUP(F40, roles!$A:$B,2,FALSE) -> 원거리 딜러 | N40: 중립적
A41: 40 | B41: 김잡초 | C41: #K R | D41: Challenger | E41: 1539 | F41: 리 신 | G41: 바이 | H41: 판테온 | I41: 469 | J41: 689 | K41: 616 | L41: 53% | M41: =VLOOKUP(F41, roles!$A:$B,2,FALSE) -> 전사 | N41: 중립적 | P41: 개수 : 닉네임 유형 | Q41: 열 레이블
A42: 41 | B42: 전상득 | C42: #0805 | D42: Challenger | E42: 1534 | F42: 탈론 | G42: 비에고 | H42: 제드 | I42: 315 | J42: 1674 | K42: 1522 | L42: 52% | M42: =VLOOKUP(F42, roles!$A:$B,2,FALSE) -> 암살자 | N42: 중립적 | P42: 행 레이블 | Q42: 공격적 | R42: 귀여운 | S42: 선정적 | T42: 성의없는 | U42: 암울한 | V42: 유머러스 | W42: 중립적 | X42: 캐릭터 | Y42: 프로팀 | Z42: (비어 있음) | AA42: 총합계
A43: 42 | B43: chiikawa | C43: #2453 | D43: Challenger | E43: 1534 | F43: 탈리야 | G43: 라이즈 | H43: 아리 | I43: 458 | J43: 906 | K43: 810 | L43: 53% | M43: =VLOOKUP(F43, roles!$A:$B,2,FALSE) -> 마법사 | N43: 중립적 | P43: Bronze | Q43: 0.027081244 | R43: 0.053159478 | S43: 0.012036108 | T43: 0.040120361 | U43: 0.022066199 | V43: 0.17352056 | W43: 0.63490471 | X43: 0.034102307 | Y43: 0.0030090271 | Z43: 0 | AA43: 1 | AB43: =GETPIVOTDATA("닉네임 유형",$P$41,"tier","Challenger","닉네임 유형","중립적")/GETPIVOTDATA("닉네임 유형",$P$41,"tier","Iron","닉네임 유형","중립적") -> 1.6419106
A44: 43 | B44: Pungyeon | C44: #0622 | D44: Challenger | E44: 1532 | F44: 오리아나 | G44: 탈리야 | H44: 아지르 | I44: 767 | J44: 1065 | K44: 978 | L44: 52% | M44: =VLOOKUP(F44, roles!$A:$B,2,FALSE) -> 마법사 | N44: 중립적 | P44: Challenger | Q44: 0.023728814 | R44: 0.037288136 | S44: 0 | T44: 0.040677966 | U44: 0.013559322 | V44: 0.071186441 | W44: 0.75254237 | X44: 0.010169492 | Y44: 0.050847458 | Z44: 0 | AA44: 1
A45: 44 | B45: 해 태 | C45: #T 1 | D45: Challenger | E45: 1528 | F45: 제이스 | G45: 럼블 | H45: 암베사 | I45: 861 | J45: 829 | K45: 750 | L45: 53% | M45: =VLOOKUP(F45, roles!$A:$B,2,FALSE) -> 전사 | N45: 중립적 | P45: Diamond | Q45: 0.053053053 | R45: 0.091091091 | S45: 0.009009009 | T45: 0.071071071 | U45: 0.055055055 | V45: 0.099099099 | W45: 0.55655656 | X45: 0.044044044 | Y45: 0.021021021 | Z45: 0 | AA45: 1
A46: 45 | B46: New York | C46: #dream | D46: Challenger | E46: 1520 | F46: 이즈리얼 | G46: 카이사 | H46: 루시안 | I46: 575 | J46: 580 | K46: 484 | L46: 55% | M46: =VLOOKUP(F46, roles!$A:$B,2,FALSE) -> 원거리 딜러 | N46: 중립적 | P46: Emerald | Q46: 0.071356784 | R46: 0.077386935 | S46: 0.0090452261 | T46: 0.038190955 | U46: 0.057286432 | V46: 0.08241206 | W46: 0.61507538 | X46: 0.034170854 | Y46: 0.015075377 | Z46: 0 | AA46: 1
A47: 46 | B47: 차가운코끼리 | C47: #KR0 | D47: Challenger | E47: 1517 | F47: 암베사 | G47: 제이스 | H47: 그웬 | I47: 1085 | J47: 1920 | K47: 1815 | L47: 51% | M47: =VLOOKUP(F47, roles!$A:$B,2,FALSE) -> 전사 | N47: 중립적 | P47: Gold | Q47: 0.023185484 | R47: 0.057459677 | S47: 0.0060483871 | T47: 0.036290323 | U47: 0.035282258 | V47: 0.14012097 | W47: 0.6703629 | X47: 0.026209677 | Y47: 0.0050403226 | Z47: 0 | AA47: 1
A48: 47 | B48: TOPKING | C48: #asd | D48: Challenger | E48: 1515 | F48: 암베사 | G48: 제이스 | H48: 럼블 | I48: 762 | J48: 1113 | K48: 1039 | L48: 52% | M48: =VLOOKUP(F48, roles!$A:$B,2,FALSE) -> 전사 | N48: 중립적 | P48: Grandmaster | Q48: 0.020143885 | R48: 0.082014388 | S48: 0.0014388489 | T48: 0.087769784 | U48: 0.031654676 | V48: 0.13381295 | W48: 0.57122302 | X48: 0.031654676 | Y48: 0.04028777 | Z48: 0 | AA48: 1
A49: 48 | B49: 사옥 지박령 | C49: #KR4 | D49: Challenger | E49: 1511 | F49: 바루스 | G49: 이즈리얼 | H49: 루시안 | I49: 136 | J49: 309 | K49: 234 | L49: 57% | M49: =VLOOKUP(F49, roles!$A:$B,2,FALSE) -> 원거리 딜러 | N49: 중립적 | P49: Iron | Q49: 0.054878049 | R49: 0.087398374 | S49: 0.015243902 | T49: 0.1402439 | U49: 0.029471545 | V49: 0.17784553 | W49: 0.45833333 | X49: 0.030487805 | Y49: 0.006097561 | Z49: 0 | AA49: 1
A50: 49 | B50: DK Nevid | C50: #동두천왕 | D50: Challenger | E50: 1510 | F50: 블라디미르 | G50: 문도 박사 | H50: 암베사 | I50: 559 | J50: 635 | K50: 549 | L50: 54% | M50: =VLOOKUP(F50, roles!$A:$B,2,FALSE) -> 마법사 | N50: 프로팀 | P50: Master | Q50: 0.012072435 | R50: 0.064386318 | S50: 0.0030181087 | T50: 0.071428571 | U50: 0.026156942 | V50: 0.088531187 | W50: 0.67303823 | X50: 0.03722334 | Y50: 0.024144869 | Z50: 0 | AA50: 1
A51: 50 | B51: 냐하하 | C51: #2698 | D51: Challenger | E51: 1504 | F51: 오로라 | G51: 오리아나 | H51: 아지르 | I51: 584 | J51: 394 | K51: 296 | L51: 57% | M51: =VLOOKUP(F51, roles!$A:$B,2,FALSE) -> 마법사 | N51: 중립적 | P51: Platinum | Q51: 0.061928934 | R51: 0.094416244 | S51: 0.020304569 | T51: 0.023350254 | U51: 0.063959391 | V51: 0.07715736 | W51: 0.62335025 | X51: 0.021319797 | Y51: 0.014213198 | Z51: 0 | AA51: 1
A52: 51 | B52: 불청객2 | C52: #KR1 | D52: Challenger | E52: 1501 | F52: 리 신 | G52: 신 짜오 | H52: 자르반 4세 | I52: 240 | J52: 233 | K52: 152 | L52: 61% | M52: =VLOOKUP(F52, roles!$A:$B,2,FALSE) -> 전사 | N52: 중립적 | P52: Silver | Q52: 0.026395939 | R52: 0.045685279 | S52: 0.01319797 | T52: 0.022335025 | U52: 0.0081218274 | V52: 0.14822335 | W52: 0.68527919 | X52: 0.044670051 | Y52: 0.0060913706 | Z52: 0 | AA52: 1
A53: 52 | B53: 깜지곰 | C53: #링 곰 | D53: Challenger | E53: 1501 | F53: 리 신 | G53: 바이 | H53: 키아나 | I53: 915 | J53: 578 | K53: 485 | L53: 54% | M53: =VLOOKUP(F53, roles!$A:$B,2,FALSE) -> 전사 | N53: 중립적 | P53: (비어 있음) | Q53: #DIV/0! | R53: #DIV/0! | S53: #DIV/0! | T53: #DIV/0! | U53: #DIV/0! | V53: #DIV/0! | W53: #DIV/0! | X53: #DIV/0! | Y53: #DIV/0! | Z53: #DIV/0! | AA53: #DIV/0!
A54: 53 | B54: 태 윤 | C54: #N S | D54: Challenger | E54: 1496 | F54: 이즈리얼 | G54: 코르키 | H54: 바루스 | I54: 569 | J54: 442 | K54: 362 | L54: 55% | M54: =VLOOKUP(F54, roles!$A:$B,2,FALSE) -> 원거리 딜러 | N54: 중립적 | P54: 총합계 | Q54: 0.03900908 | R54: 0.071068266 | S54: 0.009864365 | T54: 0.057392669 | U54: 0.035982513 | V54: 0.1224078 | W54: 0.61585024 | X54: 0.033068042 | Y54: 0.015357023 | Z54: 0 | AA54: 1
A55: 54 | B55: 바 보 | C55: #나 비 | D55: Challenger | E55: 1495 | F55: 리 신 | G55: 비에고 | H55: 사일러스 | I55: 1316 | J55: 650 | K55: 572 | L55: 53% | M55: =VLOOKUP(F55, roles!$A:$B,2,FALSE) -> 전사 | N55: 중립적 | Q55: 공격적 | R55: 귀여운 | S55: 선정적 | T55: 성의없는 | U55: 암울한 | V55: 유머러스 | W55: 중립적 | X55: 캐릭터 | Y55: 프로팀 | Z55: 합계
A56: 55 | B56: TheHank | C56: #反迷你 | D56: Challenger | E56: 1494 | F56: 렐 | G56: 니코 | H56: 뽀삐 | I56: 77 | J56: 295 | K56: 183 | L56: 62% | M56: =VLOOKUP(F56, roles!$A:$B,2,FALSE) -> 탱커 | N56: 중립적 | P56: Challenger | Q56: 7 | R56: 11 | T56: 12 | U56: 4 | V56: 21 | W56: 222 | X56: 3 | Y56: 15 | Z56: 295
A57: 56 | B57: 1234412351 | C57: #444 | D57: Challenger | E57: 1494 | F57: 이즈리얼 | G57: 카이사 | H57: 루시안 | I57: 729 | J57: 644 | K57: 572 | L57: 53% | M57: =VLOOKUP(F57, roles!$A:$B,2,FALSE) -> 원거리 딜러 | N57: 중립적 | P57: Grandmaster | Q57: 14 | R57: 57 | S57: 1 | T57: 61 | U57: 22 | V57: 93 | W57: 397 | X57: 22 | Y57: 28 | Z57: 695
A58: 57 | B58: asdjipadsjip | C58: #KR1 | D58: Challenger | E58: 1490 | F58: 바이 | G58: 세주아니 | H58: 판테온 | I58: 645 | J58: 349 | K58: 255 | L58: 58% | M58: =VLOOKUP(F58, roles!$A:$B,2,FALSE) -> 전사 | N58: 중립적 | P58: Master | Q58: 12 | R58: 64 | S58: 3 | T58: 71 | U58: 26 | V58: 88 | W58: 669 | X58: 37 | Y58: 24 | Z58: 994
A59: 58 | B59: sdawxl | C59: #KR1 | D59: Challenger | E59: 1489 | F59: 트위스티드 페이트 | G59: 오리아나 | H59: 루시안 | I59: 290 | J59: 255 | K59: 186 | L59: 58% | M59: =VLOOKUP(F59, roles!$A:$B,2,FALSE) -> 마법사 | N59: 중립적 | P59: Diamond | Q59: 53 | R59: 91 | S59: 9 | T59: 71 | U59: 55 | V59: 99 | W59: 556 | X59: 44 | Y59: 21 | Z59: 999
A60: 59 | B60: Karis | C60: #KR4 | D60: Challenger | E60: 1488 | F60: 탈리야 | G60: 사일러스 | H60: 갈리오 | I60: 821 | J60: 385 | K60: 328 | L60: 54% | M60: =VLOOKUP(F60, roles!$A:$B,2,FALSE) -> 마법사 | N60: 중립적 | P60: Emerald | Q60: 71 | R60: 77 | S60: 9 | T60: 38 | U60: 57 | V60: 82 | W60: 612 | X60: 34 | Y60: 15 | Z60: 995
A61: 60 | B61: 토토로 | C61: #oooo | D61: Challenger | E61: 1473 | F61: 뽀삐 | G61: 알리스타 | H61: 렐 | I61: 1045 | J61: 509 | K61: 450 | L61: 53% | M61: =VLOOKUP(F61, roles!$A:$B,2,FALSE) -> 탱커 | N61: 중립적 | P61: Platinum | Q61: 61 | R61: 93 | S61: 20 | T61: 23 | U61: 63 | V61: 76 | W61: 614 | X61: 21 | Y61: 14 | Z61: 985
A62: 61 | B62: 나는 고등학교에 가본 적이없어 | C62: #reze | D62: Challenger | E62: 1472 | F62: 니코 | G62: 판테온 | H62: 알리스타 | I62: 950 | J62: 629 | K62: 564 | L62: 53% | M62: =VLOOKUP(F62, roles!$A:$B,2,FALSE) -> 마법사 | N62: 중립적 | P62: Gold | Q62: 23 | R62: 57 | S62: 6 | T62: 36 | U62: 35 | V62: 139 | W62: 665 | X62: 26 | Y62: 5 | Z62: 992
A63: 62 | B63: 군면제 소년 | C63: #405 | D63: Challenger | E63: 1470 | F63: 라칸 | G63: 카르마 | H63: 브라움 | I63: 159 | J63: 741 | K63: 623 | L63: 54% | M63: =VLOOKUP(F63, roles!$A:$B,2,FALSE) -> 서포터 | N63: 공격적 | P63: Silver | Q63: 26 | R63: 45 | S63: 13 | T63: 22 | U63: 8 | V63: 146 | W63: 675 | X63: 44 | Y63: 6 | Z63: 985
A64: 63 | B64: La La Land | C64: #라라랜드 | D64: Challenger | E64: 1468 | F64: 리 신 | G64: 비에고 | H64: 신 짜오 | I64: 1227 | J64: 873 | K64: 790 | L64: 52% | M64: =VLOOKUP(F64, roles!$A:$B,2,FALSE) -> 전사 | N64: 중립적 | P64: Bronze | Q64: 27 | R64: 53 | S64: 12 | T64: 40 | U64: 22 | V64: 173 | W64: 633 | X64: 34 | Y64: 3 | Z64: 997
A65: 64 | B65: Loopy | C65: #1813 | D65: Challenger | E65: 1467 | F65: 바드 | G65: 렐 | H65: 노틸러스 | I65: 843 | J65: 433 | K65: 337 | L65: 56% | M65: =VLOOKUP(F65, roles!$A:$B,2,FALSE) -> 서포터 | N65: 중립적 | P65: Iron | Q65: 54 | R65: 86 | S65: 15 | T65: 138 | U65: 29 | V65: 175 | W65: 451 | X65: 30 | Y65: 6 | Z65: 984
A66: 66 | B66: JING4 | C66: #eill | D66: Challenger | E66: 1462 | F66: 제드 | G66: 탈론 | H66: 나피리 | I66: 821 | J66: 496 | K66: 417 | L66: 54% | M66: =VLOOKUP(F66, roles!$A:$B,2,FALSE) -> 암살자 | N66: 중립적
A67: 67 | B67: Morgan | C67: #5358 | D67: Challenger | E67: 1457 | F67: 암베사 | G67: 럼블 | H67: 제이스 | I67: 633 | J67: 290 | K67: 218 | L67: 57% | M67: =VLOOKUP(F67, roles!$A:$B,2,FALSE) -> 전사 | N67: 중립적
A68: 68 | B68: LazyFeel | C68: #KR7 | D68: Challenger | E68: 1451 | F68: 이즈리얼 | G68: 카이사 | H68: 제리 | I68: 291 | J68: 758 | K68: 695 | L68: 52% | M68: =VLOOKUP(F68, roles!$A:$B,2,FALSE) -> 원거리 딜러 | N68: 중립적
A69: 69 | B69: 대광 | C69: #God | D69: Challenger | E69: 1449 | F69: 요네 | G69: 라이즈 | H69: 아지르 | I69: 715 | J69: 482 | K69: 406 | L69: 54% | M69: =VLOOKUP(F69, roles!$A:$B,2,FALSE) -> 전사 | N69: 중립적
A70: 70 | B70: 헤 돈 | C70: #KR1 | D70: Challenger | E70: 1448 | F70: 트위스티드 페이트 | G70: 오리아나 | H70: 이즈리얼 | I70: 757 | J70: 277 | K70: 208 | L70: 57% | M70: =VLOOKUP(F70, roles!$A:$B,2,FALSE) -> 마법사 | N70: 중립적
A71: 71 | B71: 난방고양이 | C71: #1103 | D71: Challenger | E71: 1447 | F71: 라칸 | G71: 알리스타 | H71: 뽀삐 | I71: 280 | J71: 545 | K71: 473 | L71: 54% | M71: =VLOOKUP(F71, roles!$A:$B,2,FALSE) -> 서포터 | N71: 중립적
A72: 72 | B72: Bluffing | C72: #1207 | D72: Challenger | E72: 1443 | F72: 알리스타 | G72: 뽀삐 | H72: 노틸러스 | I72: 511 | J72: 649 | K72: 583 | L72: 53% | M72: =VLOOKUP(F72, roles!$A:$B,2,FALSE) -> 탱커 | N72: 중립적
A73: 73 | B73: 막강혁이 | C73: #KR0 | D73: Challenger | E73: 1442 | F73: 오리아나 | G73: 오로라 | H73: 사일러스 | I73: 117 | J73: 462 | K73: 351 | L73: 57% | M73: =VLOOKUP(F73, roles!$A:$B,2,FALSE) -> 마법사 | N73: 중립적
A74: 74 | B74: lakcaj | C74: #kr2 | D74: Challenger | E74: 1437 | F74: 리 신 | G74: 바이 | H74: 키아나 | I74: 672 | J74: 962 | K74: 889 | L74: 52% | M74: =VLOOKUP(F74, roles!$A:$B,2,FALSE) -> 전사 | N74: 중립적
A75: 75 | B75: Radiohead | C75: #KR1 | D75: Challenger | E75: 1437 | F75: 리 신 | G75: 비에고 | H75: 신 짜오 | I75: 1218 | J75: 484 | K75: 405 | L75: 54% | M75: =VLOOKUP(F75, roles!$A:$B,2,FALSE) -> 전사 | N75: 중립적
A76: 78 | B76: mashushu | C76: #KR1 | D76: Challenger | E76: 1424 | F76: 사일러스 | G76: 오로라 | H76: 라이즈 | I76: 298 | J76: 595 | K76: 518 | L76: 53% | M76: =VLOOKUP(F76, roles!$A:$B,2,FALSE) -> 마법사 | N76: 중립적
A77: 79 | B77: 쭉 펴고 걸어요 | C77: #6666 | D77: Challenger | E77: 1420 | F77: 트리스타나 | G77: 빅토르 | H77: 오로라 | I77: 304 | J77: 361 | K77: 297 | L77: 55% | M77: =VLOOKUP(F77, roles!$A:$B,2,FALSE) -> 원거리 딜러 | N77: 중립적
A78: 80 | B78: 라 쿤 | C78: #라쿤99 | D78: Challenger | E78: 1419 | F78: 자이라 | G78: 직스 | H78: 킨드레드 | I78: 649 | J78: 588 | K78: 528 | L78: 53% | M78: =VLOOKUP(F78, roles!$A:$B,2,FALSE) -> 마법사 | N78: 중립적
A79: 81 | B79: DesperateNasus | C79: #TTV0 | D79: Challenger | E79: 1416 | F79: 케일 | G79: 나서스 | H79: 세나 | I79: 107 | J79: 472 | K79: 333 | L79: 59% | M79: =VLOOKUP(F79, roles!$A:$B,2,FALSE) -> 전사 | N79: 중립적
A80: 82 | B80: HLE 팬서 | C80: #KR1 | D80: Challenger | E80: 1416 | F80: 암베사 | G80: 제이스 | H80: 럼블 | I80: 889 | J80: 1178 | K80: 1116 | L80: 51% | M80: =VLOOKUP(F80, roles!$A:$B,2,FALSE) -> 전사 | N80: 중립적
A81: 83 | B81: Bonnie | C81: #0314 | D81: Challenger | E81: 1416 | F81: 자르반 4세 | G81: 신 짜오 | H81: 바이 | I81: 856 | J81: 815 | K81: 729 | L81: 53% | M81: =VLOOKUP(F81, roles!$A:$B,2,FALSE) -> 탱커 | N81: 중립적
A82: 84 | B82: Swamp | C82: #0916 | D82: Challenger | E82: 1415 | F82: 비에고 | G82: 바이 | H82: 신 짜오 | I82: 1080 | J82: 504 | K82: 427 | L82: 54% | M82: =VLOOKUP(F82, roles!$A:$B,2,FALSE) -> 전사 | N82: 중립적
A83: 85 | B83: 난 누구인가 | C83: #0211 | D83: Challenger | E83: 1412 | F83: 탈리야 | G83: 바루스 | H83: 라이즈 | I83: 181 | J83: 230 | K83: 154 | L83: 60% | M83: =VLOOKUP(F83, roles!$A:$B,2,FALSE) -> 마법사 | N83: 중립적
A84: 86 | B84: 抖音薄荷冰鸟 | C84: #0017 | D84: Challenger | E84: 1408 | F84: 애니비아 | G84: 벡스 | H84: 말자하 | I84: 131 | J84: 586 | K84: 456 | L84: 56% | M84: =VLOOKUP(F84, roles!$A:$B,2,FALSE) -> 마법사 | N84: 성의없는
A85: 87 | B85: bai se zh1 chuan | C85: #qwe1 | D85: Challenger | E85: 1406 | F85: 알리스타 | G85: 라칸 | H85: 렐 | I85: 337 | J85: 579 | K85: 506 | L85: 53% | M85: =VLOOKUP(F85, roles!$A:$B,2,FALSE) -> 탱커 | N85: 중립적
A86: 88 | B86: 기찬게하지마 | C86: #0405 | D86: Challenger | E86: 1403 | F86: 암베사 | G86: 제이스 | H86: 럼블 | I86: 1060 | J86: 933 | K86: 855 | L86: 52% | M86: =VLOOKUP(F86, roles!$A:$B,2,FALSE) -> 전사 | N86: 중립적
A87: 89 | B87: YoRu | C87: #0819 | D87: Challenger | E87: 1401 | F87: 파이크 | G87: 판테온 | H87: 알리스타 | I87: 182 | J87: 569 | K87: 475 | L87: 55% | M87: =VLOOKUP(F87, roles!$A:$B,2,FALSE) -> 암살자 | N87: 중립적
A88: 90 | B88: T1 Painter | C88: #KR33 | D88: Challenger | E88: 1400 | F88: 바루스 | G88: 리 신 | H88: 바이 | I88: 143 | J88: 645 | K88: 541 | L88: 54% | M88: =VLOOKUP(F88, roles!$A:$B,2,FALSE) -> 원거리 딜러 | N88: 프로팀
A89: 91 | B89: 바오밥나무 | C89: #1225 | D89: Challenger | E89: 1400 | F89: 알리스타 | G89: 뽀삐 | H89: 파이크 | I89: 183 | J89: 366 | K89: 256 | L89: 59% | M89: =VLOOKUP(F89, roles!$A:$B,2,FALSE) -> 탱커 | N89: 중립적
A90: 92 | B90: Hype | C90: #KRR | D90: Challenger | E90: 1399 | F90: 카이사 | G90: 이즈리얼 | H90: 루시안 | I90: 723 | J90: 464 | K90: 357 | L90: 57% | M90: =VLOOKUP(F90, roles!$A:$B,2,FALSE) -> 원거리 딜러 | N90: 중립적
A91: 93 | B91: songman | C91: #KR11 | D91: Challenger | E91: 1398 | F91: 암베사 | G91: 제이스 | H91: 럼블 | I91: 590 | J91: 621 | K91: 550 | L91: 53% | M91: =VLOOKUP(F91, roles!$A:$B,2,FALSE) -> 전사 | N91: 중립적
A92: 94 | B92: Kimman | C92: #zxfkk | D92: Challenger | E92: 1397 | F92: 바이 | G92: 비에고 | H92: 판테온 | I92: 342 | J92: 703 | K92: 601 | L92: 54% | M92: =VLOOKUP(F92, roles!$A:$B,2,FALSE) -> 전사 | N92: 중립적
A93: 95 | B93: Piano Man | C93: #KR13 | D93: Challenger | E93: 1392 | F93: 리 신 | G93: 신 짜오 | H93: 비에고 | I93: 848 | J93: 1333 | K93: 1245 | L93: 52% | M93: =VLOOKUP(F93, roles!$A:$B,2,FALSE) -> 전사 | N93: 중립적
A94: 96 | B94: 대단합니다동의합니다 | C94: #우열모르네 | D94: Challenger | E94: 1392 | F94: 오리아나 | G94: 아지르 | H94: 카이사 | I94: 82 | J94: 222 | K94: 144 | L94: 61% | M94: =VLOOKUP(F94, roles!$A:$B,2,FALSE) -> 마법사 | N94: 중립적
A95: 97 | B95: 도천지 | C95: #KR1 | D95: Challenger | E95: 1391 | F95: 오리아나 | G95: 트위스티드 페이트 | H95: 그라가스 | I95: 758 | J95: 544 | K95: 483 | L95: 53% | M95: =VLOOKUP(F95, roles!$A:$B,2,FALSE) -> 마법사 | N95: 중립적
A96: 98 | B96: 운명에 대적하다 | C96: #KR12 | D96: Challenger | E96: 1390 | F96: 유나라 | G96: 카이사 | H96: 이즈리얼 | I96: 166 | J96: 327 | K96: 255 | L96: 56% | M96: =VLOOKUP(F96, roles!$A:$B,2,FALSE) -> 원거리 딜러 | N96: 중립적
A97: 99 | B97: Raptor | C97: #KR123 | D97: Challenger | E97: 1390 | F97: 리 신 | G97: 바이 | H97: 신 짜오 | I97: 839 | J97: 376 | K97: 315 | L97: 54% | M97: =VLOOKUP(F97, roles!$A:$B,2,FALSE) -> 전사 | N97: 중립적
A98: 100 | B98: 하와와 | C98: #0904 | D98: Challenger | E98: 1389 | F98: 암베사 | G98: 제이스 | H98: 크산테 | I98: 964 | J98: 546 | K98: 473 | L98: 54% | M98: =VLOOKUP(F98, roles!$A:$B,2,FALSE) -> 전사 | N98: 중립적
A99: 101 | B99: 의 주 | C99: #트리거 | D99: Challenger | E99: 1376 | F99: 유나라 | G99: 루시안 | H99: 이즈리얼 | I99: 857 | J99: 364 | K99: 302 | L99: 55% | M99: =VLOOKUP(F99, roles!$A:$B,2,FALSE) -> 원거리 딜러 | N99: 중립적
A100: 102 | B100: Peyz | C100: #KR11 | D100: Challenger | E100: 1374 | F100: 카이사 | G100: 이즈리얼 | H100: 유나라 | I100: 870 | J100: 520 | K100: 414 | L100: 56% | M100: =VLOOKUP(F100, roles!$A:$B,2,FALSE) -> 원거리 딜러 | N100: 중립적
...

Sheet roles
A1: 챔피언 이름 | B1: 역할군 (Primary Role)
A2: 가렌 | B2: 전사
A3: 갈리오 | B3: 탱커
A4: 갱플랭크 | B4: 전사
A5: 그라가스 | B5: 탱커
A6: 그레이브즈 | B6: 전사
A7: 그웬 | B7: 전사
A8: 나르 | B8: 전사
A9: 나미 | B9: 서포터
A10: 나서스 | B10: 전사
A11: 나피리 | B11: 암살자
A12: 노틸러스 | B12: 탱커
... A176: 벡스 | B176: 마법사

Sheet Sheet2
B2: 행 레이블 | C2: 공격적 | D2: 귀여운 | E2: 선정적 | F2: 성의없는 | G2: 암울한 | H2: 유머러스 | I2: 중립적 | J2: 캐릭터 | K2: 프로팀 | L2: (비어 있음) | M2: 총합계
B3: 마법사 | C3: 0.03910918 | D3: 0.073329712 | E3: 0.0086909288 | F3: 0.059206953 | G3: 0.035850081 | H3: 0.13199348 | I3: 0.59804454 | J3: 0.034220532 | K3: 0.01955459 | L3: 0 | M3: 1 | O3: 0.059206953
B4: 서포터 | C4: 0.054347826 | D4: 0.125 | E4: 0.0027173913 | F4: 0.035326087 | G4: 0.032608696 | H4: 0.13858696 | I4: 0.57336957 | J4: 0.032608696 | K4: 0.0054347826 | L4: 0 | M4: 1 | P4: 0.035326087
B5: 암살자 | C5: 0.045634921 | D5: 0.069444444 | E5: 0.015873016 | F5: 0.05952381 | G5: 0.020833333 | H5: 0.12003968 | I5: 0.62797619 | J5: 0.032738095 | K5: 0.0079365079 | L5: 0 | M5: 1 | O5: 0.05952381
B6: 원거리 딜러 | C6: 0.036031332 | D6: 0.072062663 | E6: 0.007310705 | F6: 0.05535248 | G6: 0.041253264 | H6: 0.11853786 | I6: 0.62245431 | J6: 0.02924282 | K6: 0.017754569 | L6: 0 | M6: 1 | O6: 0.05535248
B7: 전사 | C7: 0.03792715 | D7: 0.058956065 | E7: 0.010889974 | F7: 0.058205032 | G7: 0.039429215 | H7: 0.11866316 | I7: 0.62786331 | J7: 0.031918888 | K7: 0.015771686 | L7: 0.00037551633 | M7: 1 | O7: 0.058205032
B8: 탱커 | C8: 0.036211699 | D8: 0.075208914 | E8: 0.011142061 | F8: 0.058495822 | G8: 0.033426184 | H8: 0.11699164 | I8: 0.61652739 | J8: 0.038068709 | K8: 0.013927577 | L8: 0 | M8: 1 | O8: 0.058495822
B9: #N/A | C9: 0.02 | D9: 0.14 | E9: 0 | F9: 0.12 | G9: 0.04 | H9: 0.16 | I9: 0.42 | J9: 0.1 | K9: 0 | L9: 0 | M9: 1
B10: 총합계 | C10: 0.039004707 | D10: 0.0710603 | E10: 0.0098632594 | F10: 0.057386236 | G10: 0.03597848 | H10: 0.12239408 | I10: 0.61578121 | J10: 0.033064335 | K10: 0.015355302 | L10: 0.00011208249 | M10: 1 | O10: =AVERAGE(O3:O8) -> 0.058156819 | P10: =O10/P4 -> 1.6462853
